BUS;V_pu;Theta_deg;P_MW;Q_MVAr;PG_MW;QG_MVAr;PD_MW;QD_MVAr;Psh_MW;Qsh_MVAr
1;1.1;-0.0;143.084;55.321;143.084;55.321;0.0;0.0;0.0;0.0
2;1.1;6.65;198.25;35.518;198.25;35.518;0.0;0.0;0.0;0.0
3;1.1;4.0;138.908;12.741;138.908;12.741;0.0;0.0;0.0;0.0
4;1.07;-4.0;0.0;0.0;0.0;0.0;0.0;0.0;0.0;0.0
5;1.03;-7.58;-187.5;-75.0;0.0;0.0;187.5;75.0;0.0;0.0
6;1.05;-6.5;-135.0;-45.0;0.0;0.0;135.0;45.0;0.0;0.0
7;1.09;0.69;0.0;0.0;0.0;0.0;0.0;0.0;0.0;0.0
8;1.07;-2.56;-150.0;-52.5;0.0;0.0;150.0;52.5;0.0;0.0
9;1.1;0.13;0.0;0.0;0.0;0.0;0.0;0.0;0.0;0.0
