ID_CIRC;FROM_BUS;TO_BUS;Pik_MW;Qik_MVAr;Sik_MVA;Pki_MW;Qki_MVAr;Ski_MVA;Cap_MVA;Loading;Ploss_MW;Qloss_MVAr
1;1;4;143.084;55.321;153.406;-143.084;-44.119;149.731;250.0;0.6136;0.0;11.203
2;2;7;198.25;35.518;201.407;-198.25;-14.565;198.784;250.0;0.8056;0.0;20.953
3;3;9;138.908;12.741;139.491;-138.908;-3.318;138.948;300.0;0.465;0.0;9.423
4;4;5;86.801;38.025;94.764;-85.946;-50.228;99.547;250.0;0.3982;0.855;-12.203
5;4;6;56.283;6.094;56.612;-55.782;-21.242;59.69;250.0;0.2388;0.501;-15.149
6;5;7;-101.554;-24.772;104.532;104.691;6.304;104.88;250.0;0.4195;3.136;-18.468
7;6;9;-79.218;-23.758;82.704;81.432;-7.919;81.816;150.0;0.5514;2.214;-31.677
8;7;8;93.559;8.262;93.923;-92.907;-20.029;95.042;250.0;0.3802;0.652;-11.767
9;8;9;-57.093;-32.471;65.681;57.476;11.237;58.564;150.0;0.4379;0.384;-21.235
