bus;Pg;Qg;Qmax;Qmin;Vg;mBase;status;Pmax;Pmin;c2;c1;c0
24;389.42150000000004;107.06150000000001;329.42;-115.297;1.03;235.3;1;520.013;258.83000000000004;0.0;67.40756481087973;0.0
25;394.12750000000005;120.00300000000001;291.772;-51.766000000000005;1.03;235.3;1;470.6;317.65500000000003;0.0;67.40756481087973;0.0
37;1299.3;364.23;809.4;-80.94;1.03;426.0;1;1576.2;1022.4;0.0;25.124413145539908;0.0
37;1299.3;364.23;809.4;-80.94;1.03;426.0;1;1576.2;1022.4;0.0;25.124413145539908;0.0
38;1299.3;364.23;809.4;-80.94;1.03;426.0;1;1576.2;1022.4;0.0;25.124413145539908;0.0
38;1299.3;364.23;809.4;-80.94;1.03;426.0;1;1576.2;1022.4;0.0;25.124413145539908;0.0
39;1299.3;364.23;809.4;-80.94;1.03;426.0;1;1576.2;1022.4;0.0;25.124413145539908;0.0
40;1299.3;364.23;809.4;-80.94;1.0;426.0;1;1576.2;1022.4;0.0;25.124413145539908;0.0
40;1299.3;364.23;809.4;-80.94;1.0;426.0;1;1576.2;1022.4;0.0;25.124413145539908;0.0
40;1299.3;364.23;809.4;-80.94;1.0;426.0;1;1576.2;1022.4;0.0;25.124413145539908;0.0
41;1299.3;364.23;809.4;-80.94;1.0;426.0;1;1576.2;1022.4;0.0;25.124413145539908;0.0
41;1299.3;364.23;809.4;-80.94;1.0;426.0;1;1576.2;1022.4;0.0;25.124413145539908;0.0
41;1299.3;364.23;809.4;-80.94;1.0;426.0;1;1576.2;1022.4;0.0;25.124413145539908;0.0
57;381.875;139.825;357.2;-77.55;1.03;235.0;1;505.25;258.5;0.0;61.07234042553192;0.0
57;405.375;139.825;357.2;-77.55;1.03;235.0;1;517.0;293.75;0.0;61.07234042553192;0.0
58;411.25;136.29999999999998;350.15;-77.55;1.03;235.0;1;528.75;293.75;0.0;61.07234042553192;0.0
58;0.0;0.0;350.15;-77.55;1.03;235.0;0;528.75;282.0;0.0;61.07234042553192;0.0
58;393.625;136.29999999999998;350.15;-77.55;1.03;235.0;1;528.75;258.5;0.0;61.07234042553192;0.0
59;393.625;136.29999999999998;350.15;-77.55;1.03;235.0;1;528.75;258.5;0.0;61.07234042553192;0.0
60;2322.6;929.0400000000001;2134.44;-276.35999999999996;1.0;588.0;1;3145.7999999999997;1499.3999999999999;0.0;24.408163265306126;0.0
61;2381.4;729.12;2046.24;-588.0;1.0;588.0;1;3292.7999999999997;1470.0;0.0;24.408163265306126;0.0
70;415.95;110.44999999999999;246.75;-25.85;1.03;235.0;1;528.75;303.15000000000003;0.0;63.0468085106383;0.0
71;415.95;110.44999999999999;246.75;-25.85;1.03;235.0;1;528.75;303.15000000000003;0.0;63.0468085106383;0.0
71;0.0;0.0;232.65;-23.5;1.03;235.0;0;528.75;303.15000000000003;0.0;63.0468085106383;0.0
72;0.0;0.0;246.75;-25.85;1.0;235.0;0;528.75;303.15000000000003;0.0;63.0468085106383;0.0
72;415.95;110.44999999999999;246.75;-25.85;1.0;235.0;1;528.75;303.15000000000003;0.0;63.0468085106383;0.0
73;415.95;104.575;232.65;-23.5;1.0;235.0;1;528.75;303.15000000000003;0.0;63.0468085106383;0.0
73;415.95;110.44999999999999;246.75;-25.85;1.0;235.0;1;528.75;303.15000000000003;0.0;63.0468085106383;0.0
74;67.2;36.0;72.0;0.0;1.03;120.0;1;134.4;0.0;0.0;0.0;0.0
94;466.7850000000001;169.125;354.48600000000005;-16.236;1.03;270.6;1;595.32;338.25;0.0;49.534368070953434;0.0
94;493.845;169.125;354.48600000000005;-16.236;1.03;270.6;1;608.85;378.84000000000003;0.0;49.534368070953434;0.0
95;480.315;169.125;354.48600000000005;-16.236;1.03;270.6;1;608.85;351.78000000000003;0.0;49.534368070953434;0.0
95;473.55000000000007;169.125;354.48600000000005;-16.236;1.03;270.6;1;608.85;338.25;0.0;49.534368070953434;0.0
95;480.315;169.125;354.48600000000005;-16.236;1.03;270.6;1;608.85;351.78000000000003;0.0;49.534368070953434;0.0
98;1284.39;387.66;907.38;-132.06;1.0;426.0;1;1631.58;937.2;0.0;29.72300469483568;0.0
98;1305.9;191.532;518.007;-134.943;1.0;435.3;1;1654.1399999999999;957.6600000000001;0.0;29.08798529749598;0.0
115;0.72;0.0;0.0;0.0;1.03;12.0;1;1.44;0.0;0.0;0.0;0.0
115;0.18;0.0;0.0;0.0;1.03;6.0;1;0.36;0.0;0.0;0.0;0.0
121;0.0;0.0;324.72;-27.060000000000002;1.03;270.6;0;608.85;324.72;0.0;48.22246858832224;0.0
122;466.7850000000001;148.83;324.72;-27.060000000000002;1.03;270.6;1;608.85;324.72;0.0;48.22246858832224;0.0
123;142.5;54.0;109.5;-1.5;1.03;150.0;1;180.0;105.0;0.0;88.22000000000001;0.0
124;142.5;54.0;109.5;-1.5;1.03;150.0;1;180.0;105.0;0.0;88.22000000000001;0.0
134;0.0;0.0;120.0;0.0;1.03;150.0;0;180.0;105.0;0.0;91.06;0.0
135;142.5;60.0;120.0;0.0;1.03;150.0;1;180.0;105.0;0.0;91.06;0.0
136;111.625;18.2125;36.425;0.0;1.03;117.5;1;129.25;94.0;0.0;119.11489361702128;0.0
144;473.55000000000007;135.3;365.31000000000006;-94.71000000000001;1.03;270.6;1;581.7900000000001;365.31000000000006;0.0;47.379896526237985;0.0
145;473.55000000000007;135.3;365.31000000000006;-94.71000000000001;1.03;270.6;1;581.7900000000001;365.31000000000006;0.0;47.379896526237985;0.0
145;487.08000000000004;142.06500000000003;378.84000000000003;-94.71000000000001;1.03;270.6;1;608.85;365.31000000000006;0.0;47.379896526237985;0.0
146;487.08000000000004;140.71200000000002;378.84000000000003;-97.41600000000001;1.0;270.6;1;608.85;365.31000000000006;0.0;47.379896526237985;0.0
146;480.315;136.65300000000002;370.72200000000004;-97.41600000000001;1.0;270.6;1;595.32;365.31000000000006;0.0;47.379896526237985;0.0
152;0.0;0.0;108.0;-43.5;1.03;150.0;0;202.5;-202.5;0.0;91.6;0.0
152;0.0;0.0;108.0;-43.5;1.03;150.0;0;202.5;-202.5;0.0;91.6;0.0
153;0.0;0.0;108.0;-43.5;1.03;150.0;0;202.5;-202.5;0.0;91.6;0.0
153;0.0;0.0;108.0;-43.5;1.03;150.0;0;202.5;-202.5;0.0;91.6;0.0
154;160.5;52.5;127.5;-22.5;1.03;150.0;1;180.0;141.0;0.0;86.66;0.0
155;160.5;52.5;127.5;-22.5;1.03;150.0;1;180.0;141.0;0.0;86.66;0.0
155;0.0;0.0;127.5;-22.5;1.03;150.0;0;180.0;141.0;0.0;86.66;0.0
169;0.0;0.0;12.85;0.0;1.03;51.4;0;25.7;20.560000000000002;0.0;263.81322957198444;0.0
170;0.0;0.0;135.0;-22.5;1.03;150.0;0;180.0;120.0;0.0;90.4;0.0
170;0.0;0.0;12.85;0.0;1.03;51.4;0;25.7;23.13;0.0;263.81322957198444;0.0
172;418.984;111.056;300.356;-78.244;1.03;252.4;1;585.568;252.4;0.0;64.64342313787638;0.0
172;0.0;0.0;263.625;-49.875;1.03;237.5;0;486.87499999999994;320.625;0.0;68.69894736842106;0.0
173;0.0;0.0;263.625;-49.875;1.03;237.5;0;486.87499999999994;320.625;0.0;68.69894736842106;0.0
173;0.0;0.0;257.44800000000004;-37.86;1.03;252.4;0;560.3280000000001;227.16;0.0;64.64342313787638;0.0
174;393.744;109.794;257.44800000000004;-37.86;1.0;252.4;1;560.3280000000001;227.16;0.0;64.64342313787638;0.0
175;393.744;109.794;257.44800000000004;-37.86;1.0;252.4;1;560.3280000000001;227.16;0.0;64.64342313787638;0.0
175;418.984;104.746;234.73200000000003;-25.240000000000002;1.0;252.4;1;585.568;252.4;0.0;64.64342313787638;0.0
180;524.3225;132.15800000000002;364.87100000000004;-100.55499999999999;1.03;287.3;1;749.853;298.79200000000003;0.0;48.38496345283676;0.0
180;524.3225;132.15800000000002;364.87100000000004;-100.55499999999999;1.03;287.3;1;749.853;298.79200000000003;0.0;48.38496345283676;0.0
181;388.592;102.512;245.55200000000002;-40.528000000000006;1.03;238.4;1;491.10400000000004;286.08;0.0;58.30956375838926;0.0
181;524.3225;132.15800000000002;364.87100000000004;-100.55499999999999;1.03;287.3;1;749.853;298.79200000000003;0.0;48.38496345283676;0.0
182;434.11549999999994;141.1865;382.655;-100.282;1.03;263.9;1;620.165;248.06599999999997;0.0;52.675255778704056;0.0
182;434.11549999999994;141.1865;382.655;-100.282;1.03;263.9;1;620.165;248.06599999999997;0.0;52.675255778704056;0.0
183;388.592;102.512;245.55200000000002;-40.528000000000006;1.0;238.4;1;491.10400000000004;286.08;0.0;58.30956375838926;0.0
183;388.592;102.512;245.55200000000002;-40.528000000000006;1.0;238.4;1;491.10400000000004;286.08;0.0;58.30956375838926;0.0
191;408.09999999999997;94.446;242.528;-53.636;1.03;233.2;1;466.4;349.79999999999995;0.0;53.80789022298457;0.0
192;408.09999999999997;94.446;242.528;-53.636;1.03;233.2;1;466.4;349.79999999999995;0.0;53.80789022298457;0.0
192;0.0;0.0;242.528;-53.636;1.03;233.2;0;466.4;338.14;0.0;53.80789022298457;0.0
192;0.0;0.0;242.528;-53.636;1.03;233.2;0;466.4;338.14;0.0;53.80789022298457;0.0
193;1559.04;81.19999999999999;1364.16;-1201.76;1.0;464.0;1;2152.96;965.12;0.0;27.04310344827586;0.0
208;288.156;109.15;218.3;0.0;1.03;218.3;1;410.404;165.90800000000002;0.0;62.94090700870362;0.0
240;-21.945;44.935;219.45000000000002;-129.58;1.0;209.0;1;374.11;-418.0;0.0;65.74162679425838;0.0
240;-21.945;44.935;219.45000000000002;-129.58;1.0;209.0;1;374.11;-418.0;0.0;65.74162679425838;0.0
240;0.0;0.0;334.40000000000003;-209.0;1.0;209.0;0;374.11;-418.0;0.0;65.74162679425838;0.0
241;-21.945;62.699999999999996;334.40000000000003;-209.0;1.0;209.0;1;374.11;-418.0;0.0;65.74162679425838;0.0
244;294.42875;88.55;177.1;0.0;1.03;177.1;1;389.62;199.23749999999998;0.0;0.0;0.0
254;30.732;7.88;15.76;0.0;1.035;78.8;1;43.34;18.124;0.0;0.0;0.0
254;25.799999999999997;6.88;13.76;0.0;1.035;68.8;1;34.4;17.2;0.0;0.0;0.0
254;25.799999999999997;6.88;13.76;0.0;1.035;68.8;1;34.4;17.2;0.0;0.0;0.0
254;4.14;2.7600000000000002;5.5200000000000005;0.0;1.035;27.6;1;6.348000000000001;1.9320000000000004;0.0;0.0;0.0
267;0.008924999999999999;0.0034999999999999996;0.006999999999999999;0.0;1.035;0.7;1;0.0147;0.00315;0.0;0.0;0.0
268;0.008924999999999999;0.0034999999999999996;0.006999999999999999;0.0;1.035;0.7;1;0.0147;0.00315;0.0;0.0;0.0
278;0.0;0.0;0.515;0.0;1.035;10.3;0;0.7364500000000002;0.60255;0.0;0.0;0.0
279;0.0;0.0;0.515;0.0;1.035;10.3;0;0.7364500000000002;0.60255;0.0;0.0;0.0
295;0.15;0.09375;0.1875;0.0;1.035;5.0;1;0.25;0.05;0.0;0.0;0.0
295;0.15;0.09375;0.1875;0.0;1.035;5.0;1;0.25;0.05;0.0;0.0;0.0
295;0.15;0.09375;0.1875;0.0;1.035;5.0;1;0.25;0.05;0.0;0.0;0.0
295;0.15;0.09375;0.1875;0.0;1.035;5.0;1;0.25;0.05;0.0;0.0;0.0
310;1299.3;364.23;809.4;-80.94;1.035;426.0;1;1576.2;1022.4;0.0;25.124413145539908;0.0
316;0.0;0.0;0.08;0.0;1.035;4.0;0;0.22920000000000001;0.04;0.0;0.0;0.0
316;0.0;0.0;0.08;0.0;1.035;4.0;0;0.22920000000000001;0.04;0.0;0.0;0.0
376;0.504;0.21000000000000002;0.42000000000000004;0.0;1.035;8.4;1;0.5544;0.45360000000000006;0.0;0.0;0.0
379;0.0054;0.0045000000000000005;0.009000000000000001;0.0;1.035;0.9;1;0.008100000000000001;0.0027;0.0;0.0;0.0
379;0.0054;0.0045000000000000005;0.009000000000000001;0.0;1.035;0.9;1;0.008100000000000001;0.0027;0.0;0.0;0.0
379;0.0054;0.0045000000000000005;0.009000000000000001;0.0;1.035;0.9;1;0.008100000000000001;0.0027;0.0;0.0;0.0
383;5.947;1.0955000000000001;2.1910000000000003;0.0;1.035;31.3;1;8.451;3.443;0.0;0.0;0.0
383;7.994999999999999;1.3650000000000002;2.7300000000000004;0.0;1.035;39.0;1;11.7;4.29;0.0;0.0;0.0
383;7.917000000000001;1.218;2.436;0.0;1.035;40.6;1;12.18;3.654;0.0;0.0;0.0
384;25.799999999999997;5.159999999999999;10.319999999999999;0.0;1.035;68.8;1;37.84;13.76;0.0;0.0;0.0
384;25.799999999999997;5.159999999999999;10.319999999999999;0.0;1.035;68.8;1;37.84;13.76;0.0;0.0;0.0
385;12.125;3.6374999999999997;7.2749999999999995;0.0;1.035;48.5;1;19.400000000000002;4.8500000000000005;0.0;0.0;0.0
385;25.799999999999997;5.159999999999999;10.319999999999999;0.0;1.035;68.8;1;37.84;13.76;0.0;0.0;0.0
387;25.799999999999997;6.88;13.76;0.0;1.035;68.8;1;34.4;17.2;0.0;0.0;0.0
387;113.925;14.700000000000001;29.400000000000002;0.0;1.035;147.0;1;147.0;80.85000000000001;0.0;0.0;0.0
388;29.24;13.76;27.52;0.0;1.035;68.8;1;41.279999999999994;17.2;0.0;0.0;0.0
399;0.09025;0.056999999999999995;0.11399999999999999;0.0;1.035;3.8;1;0.1045;0.076;0.0;0.0;0.0
433;0.028499999999999998;0.0095;0.019;0.0;1.035;1.9;1;0.03135;0.025650000000000003;0.0;0.0;0.0
455;22.876;12.04;39.215999999999994;-15.136;1.035;68.8;1;35.432;10.319999999999999;0.0;0.0;0.0
456;24.08;12.04;39.215999999999994;-15.136;1.035;68.8;1;37.84;10.319999999999999;0.0;0.0;0.0
457;24.08;12.04;39.215999999999994;-15.136;1.035;68.8;1;37.84;10.319999999999999;0.0;0.0;0.0
457;35.0;18.8125;62.125;-24.500000000000004;1.035;87.5;1;67.375;2.625;0.0;0.0;0.0
458;24.08;12.04;39.215999999999994;-15.136;1.035;68.8;1;37.84;10.319999999999999;0.0;0.0;0.0
458;24.08;12.04;39.215999999999994;-15.136;1.035;68.8;1;37.84;10.319999999999999;0.0;0.0;0.0
478;407.069;105.885;322.36100000000005;-110.591;1.035;235.3;1;531.778;282.36;0.0;67.40756481087973;0.0
478;8.9725;2.9099999999999997;5.819999999999999;0.0;1.035;48.5;1;12.125;5.819999999999999;0.0;327.03092783505156;0.0
479;6.5475;2.9099999999999997;5.819999999999999;0.0;1.035;48.5;1;8.245000000000001;4.8500000000000005;0.0;327.03092783505156;0.0
482;0.22399999999999998;0.055999999999999994;0.11199999999999999;0.0;1.035;5.6;1;0.2464;0.2016;0.0;0.0;0.0
500;0.00068;0.0004;0.0008;0.0;1.035;0.4;1;0.00136;0.0;0.0;0.0;0.0
522;0.4032;0.168;0.336;0.0;1.035;8.4;1;0.5544;0.252;0.0;0.0;0.0
527;0.14259999999999998;0.06899999999999999;0.13799999999999998;0.0;1.035;4.6;1;0.15685999999999997;0.12833999999999998;0.0;0.0;0.0
532;0.24375;0.27625;0.3055;0.247;1.035;6.5;1;0.4225;0.065;0.0;0.0;0.0
532;0.24375;0.27625;0.3055;0.247;1.035;6.5;1;0.4225;0.065;0.0;0.0;0.0
532;0.24375;0.27625;0.3055;0.247;1.035;6.5;1;0.4225;0.065;0.0;0.0;0.0
543;0.1107;0.040999999999999995;0.08199999999999999;0.0;1.035;4.1;1;0.12176999999999999;0.09963;0.0;0.0;0.0
572;0.0;0.0;0.092;0.0;1.035;4.6;0;0.16192;0.13248;0.0;0.0;0.0
597;0.025650000000000003;0.006649999999999999;0.013299999999999998;0.0;1.035;1.9;1;0.0323;0.019;0.0;0.0;0.0
597;0.0;0.0;0.013299999999999998;0.0;1.035;1.9;0;0.0323;0.019;0.0;0.0;0.0
603;0.20720000000000002;0.08399999999999999;0.16799999999999998;0.0;1.035;5.6;1;0.2464;0.16799999999999998;0.0;0.0;0.0
670;27.8125;11.5625;21.875;1.25;1.035;62.5;1;32.5;23.125;0.0;0.0;0.0
670;7.5;4.6875;8.625;0.75;1.035;37.5;1;11.25;3.75;0.0;0.0;0.0
670;116.25;68.25;127.5;9.0;1.035;150.0;1;157.5;75.0;0.0;0.0;0.0
670;116.25;68.25;127.5;9.0;1.035;150.0;1;157.5;75.0;0.0;0.0;0.0
671;7.5;4.6875;8.625;0.75;1.035;37.5;1;11.25;3.75;0.0;0.0;0.0
671;7.5;4.6875;8.625;0.75;1.035;37.5;1;11.25;3.75;0.0;0.0;0.0
671;7.5;5.0625;9.375;0.75;1.035;37.5;1;11.25;3.75;0.0;0.0;0.0
671;144.75;68.25;127.5;9.0;1.035;150.0;1;187.5;102.00000000000001;0.0;0.0;0.0
671;116.25;68.25;127.5;9.0;1.035;150.0;1;157.5;75.0;0.0;0.0;0.0
692;0.026599999999999995;0.006649999999999999;0.013299999999999998;0.0;1.035;1.9;1;0.02926;0.02394;0.0;0.0;0.0
694;0.026599999999999995;0.019;0.038;0.0;1.035;3.8;1;0.05319999999999999;0.0;0.0;0.0;0.0
700;8.25;3.75;6.75;0.75;1.035;37.5;1;13.125;3.375;0.0;0.0;0.0
700;5.4375;6.0;11.25;0.75;1.035;37.5;1;7.5;3.375;0.0;0.0;0.0
701;8.25;3.75;6.75;0.75;1.035;37.5;1;13.125;3.375;0.0;0.0;0.0
701;8.25;3.75;6.75;0.75;1.035;37.5;1;13.125;3.375;0.0;0.0;0.0
701;8.25;3.75;6.75;0.75;1.035;37.5;1;13.125;3.375;0.0;0.0;0.0
701;77.0255;43.061499999999995;78.845;7.278;1.035;121.3;1;117.66099999999999;36.39;0.0;0.0;0.0
702;8.25;3.75;6.75;0.75;1.035;37.5;1;13.125;3.375;0.0;0.0;0.0
702;7.3125;3.75;6.75;0.75;1.035;37.5;1;11.25;3.375;0.0;0.0;0.0
702;5.8275;2.52;4.41;0.63;1.035;31.5;1;8.82;2.835;0.0;0.0;0.0
735;0.2385;0.106;0.212;0.0;1.035;5.3;1;0.424;0.053;0.0;0.0;0.0
735;0.03;0.02;0.04;0.0;1.035;2.0;1;0.04;0.02;0.0;0.0;0.0
752;0.23199999999999998;0.1363;0.261;0.0116;1.035;5.8;1;0.25520000000000004;0.2088;0.0;0.0;0.0
766;0.07830000000000001;0.0;0.0;0.0;1.035;5.8;1;0.15660000000000002;0.0;0.0;0.0;0.0
775;0.098;0.0;0.0;0.0;1.035;4.0;1;0.196;0.0;0.0;0.0;0.0
798;30.225;9.75;19.5;0.0;1.035;65.0;1;60.45;0.0;0.0;0.0;0.0
798;11.6675;9.75;19.5;0.0;1.035;65.0;1;23.335;0.0;0.0;0.0;0.0
801;0.0;0.0;0.0;0.0;1.035;12.4;0;0.31000000000000005;0.0;0.0;0.0;0.0
808;0.141;0.0;0.0;0.0;1.035;4.7;1;0.282;0.0;0.0;0.0;0.0
809;0.174;0.0;0.0;0.0;1.035;5.8;1;0.348;0.0;0.0;0.0;0.0
846;417.125;136.29999999999998;350.15;-77.55;1.035;235.0;1;528.75;305.5;0.0;61.07234042553192;0.0
847;393.625;136.29999999999998;350.15;-77.55;1.035;235.0;1;528.75;258.5;0.0;61.07234042553192;0.0
854;0.037500000000000006;0.0;0.0;0.0;1.035;3.0;1;0.07500000000000001;0.0;0.0;0.0;0.0
860;0.744;0.0;0.0;0.0;1.035;12.4;1;1.488;0.0;0.0;0.0;0.0
870;197.76799999999997;25.139999999999997;50.279999999999994;0.0;1.035;167.6;1;284.91999999999996;110.616;0.0;0.0;0.0
870;34.01;10.739999999999998;21.479999999999997;0.0;1.035;71.6;1;43.675999999999995;24.344;0.0;0.0;0.0
876;0.8715;0.0;0.0;0.0;1.035;8.3;1;1.743;0.0;0.0;0.0;0.0
890;0.196;0.0;0.0;0.0;1.035;5.6;1;0.392;0.0;0.0;0.0;0.0
893;0.0;0.0;0.0;0.0;1.035;3.0;0;0.30000000000000004;0.0;0.0;0.0;0.0
908;0.45599999999999996;0.0;0.0;0.0;1.035;3.0;1;0.9119999999999999;0.0;0.0;0.0;0.0
913;0.0;0.0;0.0;0.0;1.035;0.0;1;0.0;0.0;0.0;0.0;0.0
918;0.0;0.0;0.0;0.0;1.035;1.0;0;0.019;0.0;0.0;0.0;0.0
929;0.0;0.0;0.0;0.0;1.035;2.1;0;0.04242;0.028140000000000002;0.0;0.0;0.0
934;415.95;110.44999999999999;246.75;-25.85;1.035;235.0;1;528.75;303.15000000000003;0.0;63.0468085106383;0.0
936;6.624;5.52;11.04;0.0;1.035;36.8;1;13.248;0.0;0.0;0.0;0.0
939;0.0;0.0;0.0;0.0;1.035;2.8;0;0.07504;0.049839999999999995;0.0;0.0;0.0
959;75.6;15.12;30.24;0.0;1.035;100.8;1;101.80799999999999;49.391999999999996;0.0;0.0;0.0
965;0.0;0.0;0.0;0.0;1.035;1.7;0;0.204;0.0;0.0;0.0;0.0
980;0.57;1.425;2.85;0.0;1.035;9.5;1;1.14;0.0;0.0;0.0;0.0
982;0.0;0.0;0.0;0.0;1.035;1.6;0;0.0256;0.014560000000000002;0.0;0.0;0.0
984;0.20650000000000004;0.0;0.0;0.0;1.035;5.9;1;0.354;0.059000000000000004;0.0;0.0;0.0
989;0.45235000000000003;0.0;0.0;0.0;1.035;10.9;1;0.9047000000000001;0.0;0.0;0.0;0.0
993;18.98;5.98;11.96;0.0;1.035;52.0;1;35.36;2.6;0.0;0.0;0.0
993;0.0;0.0;11.96;0.0;1.035;52.0;0;35.36;2.6;0.0;0.0;0.0
993;0.0;0.0;2.695;0.0;1.035;24.5;0;7.595;-7.84;0.0;0.0;0.0
993;0.0;0.0;2.45;0.0;1.035;24.5;0;7.595;-7.84;0.0;0.0;0.0
1008;0.0;0.0;6.9;0.0;1.035;69.0;0;34.5;0.0;0.0;227.53623188405797;0.0
1008;62.496;16.992;42.624;-8.64;1.035;57.6;1;72.0;52.992000000000004;0.0;272.56944444444446;0.0
1009;60.192;16.992;42.624;-8.64;1.035;57.6;1;72.0;48.384;0.0;272.56944444444446;0.0
1009;0.0;0.0;4.0;0.0;1.035;40.0;0;12.0;0.0;0.0;392.5;0.0
1021;0.04125;0.0;0.0;0.0;1.035;3.3;1;0.0825;0.0;0.0;0.0;0.0
1049;0.10602;0.0;0.0;0.0;1.035;3.8;1;0.1273;0.08474;0.0;0.0;0.0
1056;0.0;0.0;0.0;0.0;1.035;25.0;0;6.25;0.0;0.0;0.0;0.0
1056;3.125;0.0;0.0;0.0;1.035;25.0;1;6.25;0.0;0.0;0.0;0.0
1056;4.805;0.0;0.0;0.0;1.035;31.0;1;9.61;0.0;0.0;0.0;0.0
1056;4.805;0.0;0.0;0.0;1.035;31.0;1;9.61;0.0;0.0;0.0;0.0
1087;41.108250000000005;19.137400000000003;38.274800000000006;0.0;1.035;92.9;1;72.462;9.7545;0.0;0.0;0.0
1111;0.0;0.0;28.35;-6.300000000000001;1.035;63.0;0;30.24;25.200000000000003;0.0;0.0;0.0
1111;33.464999999999996;12.075;31.05;-6.9;1.035;69.0;1;37.95;28.98;0.0;0.0;0.0
1112;33.464999999999996;12.075;31.05;-6.9;1.035;69.0;1;37.95;28.98;0.0;0.0;0.0
1188;108.02499999999999;52.15;163.9;-59.6;1.035;149.0;1;168.36999999999998;47.68;0.0;0.0;0.0
1189;108.02499999999999;52.15;163.9;-59.6;1.035;149.0;1;168.36999999999998;47.68;0.0;0.0;0.0
1193;1.4112000000000002;0.0;0.0;0.0;1.035;16.8;1;2.8224000000000005;0.0;0.0;0.0;0.0
1214;1290.78;528.24;920.1600000000001;136.32;1.035;426.0;1;1644.36;937.2;0.0;29.72300469483568;0.0
1215;1284.39;332.28000000000003;796.62;-132.06;1.035;426.0;1;1631.58;937.2;0.0;29.72300469483568;0.0
1219;0.0;0.0;0.0;0.0;1.035;6.0;0;0.36;0.06;0.0;0.0;0.0
1220;143.56650000000002;59.29;186.34000000000003;-67.76;1.035;169.4;1;228.69000000000003;58.443;0.0;0.0;0.0
1226;0.0;0.0;0.0;0.0;1.035;12.8;0;1.6384;0.0;0.0;0.0;0.0
1226;0.0;0.0;0.0;0.0;1.035;12.5;0;1.5625;0.0;0.0;0.0;0.0
1227;2.0;0.0;0.0;0.0;1.035;20.0;1;4.0;0.0;0.0;0.0;0.0
1227;2.0;0.0;0.0;0.0;1.035;20.0;1;4.0;0.0;0.0;0.0;0.0
1228;0.0;0.0;0.0;0.0;1.035;19.0;0;3.61;0.0;0.0;0.0;0.0
1237;5.76;4.32;5.76;2.88;1.035;32.0;1;7.68;3.84;0.0;0.0;0.0
1238;0.0;0.0;5.76;2.88;1.035;32.0;0;7.68;3.84;0.0;0.0;0.0
1239;6.279000000000001;3.9445;4.508000000000001;3.3810000000000002;1.035;32.2;1;9.338000000000001;3.2200000000000006;0.0;0.0;0.0
1330;27.5;16.968749999999996;23.4375;10.5;1.035;62.5;1;31.25;23.75;0.0;0.0;0.0
1330;0.0;0.0;23.4375;10.5;1.035;62.5;0;31.25;23.75;0.0;0.0;0.0
1330;0.0;0.0;23.4375;10.5;1.035;62.5;0;31.25;23.75;0.0;0.0;0.0
1331;27.5;16.968749999999996;23.4375;10.5;1.035;62.5;1;31.25;23.75;0.0;0.0;0.0
1354;0.0;0.0;0.0;0.0;1.035;25.0;0;6.25;2.5;0.0;0.0;0.0
1354;0.0;0.0;0.0;0.0;1.035;25.0;0;6.25;2.5;0.0;0.0;0.0
1354;4.375;0.0;0.0;0.0;1.035;25.0;1;6.25;2.5;0.0;0.0;0.0
1354;4.375;0.0;0.0;0.0;1.035;25.0;1;6.25;2.5;0.0;0.0;0.0
1371;3.125;0.0;0.0;0.0;1.035;25.0;1;6.25;0.0;0.0;0.0;0.0
1372;3.125;0.0;0.0;0.0;1.035;25.0;1;6.25;0.0;0.0;0.0;0.0
1373;3.125;0.0;0.0;0.0;1.035;25.0;1;6.25;0.0;0.0;0.0;0.0
1373;0.0;0.0;0.0;0.0;1.035;6.0;0;0.36;0.0;0.0;0.0;0.0
1400;39.8125;22.96875;45.9375;0.0;1.035;87.5;1;61.24999999999999;18.375;0.0;0.0;0.0
1401;0.0;0.0;26.25;10.5;1.035;62.5;0;31.25;25.0;0.0;0.0;0.0
1401;39.8125;22.96875;45.9375;0.0;1.035;87.5;1;61.24999999999999;18.375;0.0;0.0;0.0
1408;15.0;0.0;0.0;0.0;1.035;50.0;1;25.0;5.0;0.0;0.0;0.0
1469;0.0;0.0;0.0;0.0;1.035;24.0;0;5.76;1.2000000000000002;0.0;0.0;0.0
1469;1.69125;0.0;0.0;0.0;1.035;16.5;1;2.7225;0.66;0.0;0.0;0.0
1470;1.2848000000000002;0.0;0.0;0.0;1.035;14.6;1;2.1315999999999997;0.438;0.0;0.0;0.0
1470;0.0;0.0;0.0;0.0;1.035;14.6;0;2.1315999999999997;0.438;0.0;0.0;0.0
1470;0.0;0.0;0.0;0.0;1.035;14.6;0;2.1315999999999997;0.438;0.0;0.0;0.0
1471;0.15125;0.0;0.0;0.0;1.035;5.5;1;0.3025;0.0;0.0;0.0;0.0
1471;0.0;0.0;0.0;0.0;1.035;5.5;0;0.3025;0.0;0.0;0.0;0.0
1505;0.0;0.0;0.0;0.0;1.035;7.5;0;0.5625;0.0;0.0;0.0;0.0
1505;0.0;0.0;0.0;0.0;1.035;8.0;0;0.64;0.0;0.0;0.0;0.0
1511;25.799999999999997;11.867999999999999;28.208;-4.4719999999999995;1.035;68.8;1;37.84;13.76;0.0;0.0;0.0
1512;473.55000000000007;146.12400000000002;305.778;-13.530000000000001;1.035;270.6;1;622.38;324.72;0.0;48.22246858832224;0.0
1513;466.7850000000001;148.83;324.72;-27.060000000000002;1.035;270.6;1;608.85;324.72;0.0;48.22246858832224;0.0
1570;0.0;0.0;0.0;0.0;1.035;18.0;0;3.2399999999999998;0.0;0.0;0.0;0.0
1570;5.12;0.0;0.0;0.0;1.035;32.0;1;10.24;0.0;0.0;0.0;0.0
1570;3.125;0.0;0.0;0.0;1.035;25.0;1;6.25;0.0;0.0;0.0;0.0
1578;142.5;54.0;109.5;-1.5;1.035;150.0;1;180.0;105.0;0.0;88.22000000000001;0.0
1579;142.5;54.0;109.5;-1.5;1.035;150.0;1;180.0;105.0;0.0;88.22000000000001;0.0
1580;149.25;54.0;109.5;-1.5;1.035;150.0;1;180.0;118.5;0.0;88.22000000000001;0.0
1580;0.0;0.0;109.5;-1.5;1.035;150.0;0;165.0;118.5;0.0;88.22000000000001;0.0
1590;146.25;58.5;124.5;-7.5;1.035;150.0;1;187.5;105.0;0.0;86.99333333333334;0.0
1590;146.25;58.5;124.5;-7.5;1.035;150.0;1;187.5;105.0;0.0;86.99333333333334;0.0
1601;149.25;41.25;120.0;-37.5;1.035;150.0;1;178.5;120.0;0.0;0.0;0.0
1602;147.75;41.25;120.0;-37.5;1.035;150.0;1;175.5;120.0;0.0;0.0;0.0
1603;131.25;41.25;120.0;-37.5;1.035;150.0;1;165.0;97.5;0.0;0.0;0.0
1603;123.75;41.25;120.0;-37.5;1.035;150.0;1;150.0;97.5;0.0;0.0;0.0
1644;0.0;0.0;28.3456;-9.4256;1.035;68.8;0;37.84;10.319999999999999;0.0;0.0;0.0
1644;0.0;0.0;6.7;2.4;1.035;20.0;0;3.0;0.0;0.0;0.0;0.0
1644;24.08;9.46;28.3456;-9.4256;1.035;68.8;1;37.84;10.319999999999999;0.0;0.0;0.0
1659;0.72;0.0;0.0;0.0;1.035;12.0;1;1.44;0.0;0.0;0.0;0.0
1659;0.72;0.0;0.0;0.0;1.035;12.0;1;1.44;0.0;0.0;0.0;0.0
1660;0.134;0.0;0.0;0.0;1.035;6.7;1;0.268;0.0;0.0;0.0;0.0
1660;0.134;0.0;0.0;0.0;1.035;6.7;1;0.268;0.0;0.0;0.0;0.0
1661;1.125;0.0;0.0;0.0;1.035;15.0;1;2.25;0.0;0.0;0.0;0.0
1662;2.42;0.0;0.0;0.0;1.035;22.0;1;4.84;0.0;0.0;0.0;0.0
1666;473.55000000000007;169.125;354.48600000000005;-16.236;1.035;270.6;1;608.85;338.25;0.0;0.0;0.0
1688;12.985;7.685;18.549999999999997;-3.1799999999999997;1.035;53.0;1;24.380000000000003;1.5899999999999999;0.0;0.0;0.0
1689;0.0;0.0;18.549999999999997;-3.1799999999999997;1.035;53.0;0;24.380000000000003;1.5899999999999999;0.0;0.0;0.0
1872;1.248;0.8735999999999999;1.4508;0.2964;1.035;15.6;1;2.184;0.312;0.0;0.0;0.0
1872;1.248;0.8735999999999999;1.4508;0.2964;1.035;15.6;1;2.184;0.312;0.0;0.0;0.0
1872;1.248;0.8735999999999999;1.4508;0.2964;1.035;15.6;1;2.184;0.312;0.0;0.0;0.0
1872;0.0722;0.0;0.0;0.0;1.035;3.8;1;0.1444;0.0;0.0;0.0;0.0
1872;0.08820000000000001;0.0;0.0;0.0;1.035;4.2;1;0.17640000000000003;0.0;0.0;0.0;0.0
1872;1.248;0.8814;1.4508;0.312;1.035;15.6;1;2.184;0.312;0.0;0.0;0.0
1900;144.75;60.0;120.0;0.0;1.035;150.0;1;184.5;105.0;0.0;91.06;0.0
1900;148.5;59.25;118.5;0.0;1.035;150.0;1;192.0;105.0;0.0;91.06;0.0
1901;206.17200000000003;83.0415;217.62599999999998;-51.543000000000006;1.035;190.9;1;307.34900000000005;104.995;0.0;71.55055002619171;0.0
1902;206.17200000000003;83.0415;217.62599999999998;-51.543000000000006;1.035;190.9;1;307.34900000000005;104.995;0.0;71.55055002619171;0.0
1910;0.0;0.0;23.125;0.0;1.035;62.5;0;31.25;21.875;0.0;223.936;0.0
1910;111.625;8.8125;17.625;0.0;1.035;117.5;1;129.25;94.0;0.0;119.11489361702128;0.0
1911;0.0;0.0;26.25;10.5;1.035;62.5;0;28.125;21.875;0.0;223.936;0.0
1911;0.0;0.0;26.25;10.5;1.035;62.5;0;28.125;21.875;0.0;223.936;0.0
1911;111.625;8.8125;17.625;0.0;1.035;117.5;1;129.25;94.0;0.0;119.11489361702128;0.0
1911;111.625;18.2125;36.425;0.0;1.035;117.5;1;129.25;94.0;0.0;119.11489361702128;0.0
2018;11.25;9.75;13.0;6.5;1.035;50.0;1;20.0;2.5;0.0;0.0;0.0
2062;487.08000000000004;142.06500000000003;378.84000000000003;-94.71000000000001;1.035;270.6;1;608.85;365.31000000000006;0.0;47.379896526237985;0.0
2063;487.08000000000004;142.06500000000003;378.84000000000003;-94.71000000000001;1.035;270.6;1;608.85;365.31000000000006;0.0;47.379896526237985;0.0
2064;487.08000000000004;142.06500000000003;378.84000000000003;-94.71000000000001;1.035;270.6;1;608.85;365.31000000000006;0.0;47.379896526237985;0.0
2094;0.0;0.0;11.388;5.694;1.035;43.8;0;15.329999999999998;7.8839999999999995;0.0;0.0;0.0
2094;0.552;0.6762;1.1454000000000002;0.207;1.035;13.8;1;1.104;0.0;0.0;0.0;0.0
2094;6.7295;2.7857000000000003;3.756;1.8154;1.035;31.3;1;7.825;5.634;0.0;0.0;0.0
2095;0.0;0.0;11.388;5.694;1.035;43.8;0;13.139999999999999;7.8839999999999995;0.0;0.0;0.0
2130;9.44;0.0;0.0;0.0;1.035;32.0;1;10.24;8.64;0.0;0.0;0.0
2131;9.44;0.0;0.0;0.0;1.035;32.0;1;10.24;8.64;0.0;0.0;0.0
2150;0.55125;0.0;0.0;0.0;1.035;10.5;1;1.1025;0.0;0.0;0.0;0.0
2150;0.0;0.0;0.0;0.0;1.035;10.5;0;1.1025;0.0;0.0;0.0;0.0
2152;160.5;52.5;127.5;-22.5;1.035;150.0;1;180.0;141.0;0.0;86.66;0.0
2153;160.5;52.5;127.5;-22.5;1.035;150.0;1;180.0;141.0;0.0;86.66;0.0
2168;0.045599999999999995;0.0;0.0;0.0;1.035;4.0;1;0.0712;0.02;0.0;0.0;0.0
2183;0.038025;0.0;0.0;0.0;1.035;1.5;1;0.07350000000000001;0.00255;0.0;0.0;0.0
2187;0.0026249999999999997;0.0;0.0;0.0;1.035;1.5;1;0.0039;0.00135;0.0;0.0;0.0
2189;16.25;7.5;15.0;0.0;1.035;50.0;1;25.0;7.5;0.0;0.0;0.0
2190;16.25;7.5;15.0;0.0;1.035;50.0;1;25.0;7.5;0.0;0.0;0.0
2216;393.744;123.676;295.308;-47.956;1.035;252.4;1;560.3280000000001;227.16;0.0;64.64342313787638;0.0
2222;0.0;0.0;2.184;0.0;1.035;27.3;0;7.644000000000001;-1.3650000000000002;0.0;0.0;0.0
2222;3.42;1.1400000000000001;2.2800000000000002;0.0;1.035;28.5;1;8.264999999999999;-1.425;0.0;0.0;0.0
2222;3.1395000000000004;1.092;2.184;0.0;1.035;27.3;1;7.644000000000001;-1.3650000000000002;0.0;0.0;0.0
2226;19.95;11.969999999999999;27.93;-3.99;1.035;57.0;1;31.35;8.549999999999999;0.0;0.0;0.0
2226;96.07499999999999;47.397;116.571;-21.777;1.035;128.1;1;128.1;64.05;0.0;0.0;0.0
2227;132.352;54.896;133.856;-24.064;1.035;150.4;1;159.424;105.28;0.0;0.0;0.0
2232;0.018525000000000003;0.0;0.0;0.0;1.035;1.5;1;0.03285;0.004200000000000001;0.0;0.0;0.0
2233;0.0;0.0;0.0;0.0;1.035;1.5;0;0.019799999999999998;0.004200000000000001;0.0;0.0;0.0
2236;0.0;0.0;0.0;0.0;1.035;3.3;0;0.09437999999999999;0.07721999999999998;0.0;0.0;0.0
2238;0.23054999999999998;0.0;0.0;0.0;1.035;5.3;1;0.318;0.1431;0.0;0.0;0.0
2239;18.22125;4.2375;8.475;0.0;1.035;56.5;1;30.792500000000004;5.65;0.0;0.0;0.0
2239;0.2835;0.063;0.126;0.0;1.035;6.3;1;0.378;0.189;0.0;0.0;0.0
2240;0.1539;0.054000000000000006;0.10800000000000001;0.0;1.035;5.4;1;0.27;0.0378;0.0;0.0;0.0
2240;7.399;1.51;3.02;0.0;1.035;30.2;1;8.607;6.191;0.0;0.0;0.0
2253;0.18814999999999998;0.0;0.0;0.0;1.035;5.3;1;0.23320000000000002;0.1431;0.0;0.0;0.0
2261;6.125;0.0;0.0;0.0;1.035;35.0;1;10.5;1.75;0.0;0.0;0.0
2265;1.03275;0.0;0.0;0.0;1.035;15.3;1;1.7595;0.306;0.0;0.0;0.0
2267;0.0;0.0;135.0;-22.5;1.035;150.0;0;180.0;120.0;0.0;90.4;0.0
2273;0.1254;0.0;0.0;0.0;1.035;3.8;1;0.247;0.0038;0.0;0.0;0.0
2282;0.0;0.0;0.0;0.0;1.035;4.5;0;0.17819999999999997;0.1458;0.0;0.0;0.0
2284;0.048;0.0;0.0;0.0;1.035;3.0;1;0.0795;0.0165;0.0;0.0;0.0
2286;0.05865000000000001;0.0;0.0;0.0;1.035;3.0;1;0.0795;0.0378;0.0;0.0;0.0
2290;0.0;0.0;0.0;0.0;1.035;3.0;0;0.0765;0.013500000000000002;0.0;0.0;0.0
2291;0.0;0.0;0.032;0.0;1.035;3.2;0;0.096;0.032;0.0;0.0;0.0
2291;0.135;0.045;0.09;0.0;1.035;4.5;1;0.18;0.09;0.0;0.0;0.0
2293;0.0;0.0;0.0;0.0;1.035;0.6;0;0.0033000000000000004;0.0027;0.0;0.0;0.0
2295;0.18814999999999998;0.0;0.0;0.0;1.035;5.3;1;0.23320000000000002;0.1431;0.0;0.0;0.0
2299;0.01125;0.0;0.0;0.0;1.035;1.5;1;0.019799999999999998;0.0027;0.0;0.0;0.0
2306;0.6723500000000001;0.0;0.0;0.0;1.035;11.3;1;1.1187;0.226;0.0;0.0;0.0
2316;0.0;0.0;0.0;0.0;1.035;1.5;0;0.019799999999999998;0.00825;0.0;0.0;0.0
2319;23.13;6.425;12.85;0.0;1.035;51.4;1;25.7;20.560000000000002;0.0;263.81322957198444;0.0
2320;0.0;0.0;12.85;0.0;1.035;51.4;0;25.7;17.99;0.0;263.81322957198444;0.0
2320;7.127999999999999;1.7819999999999998;3.5639999999999996;0.0;1.035;29.7;1;8.316;5.94;0.0;456.5656565656566;0.0
2322;25.335;7.0375;14.075;0.0;1.035;56.3;1;30.965;19.705;0.0;240.85257548845473;0.0
2325;0.7627500000000002;0.0;0.0;0.0;1.035;11.3;1;1.1187;0.40680000000000005;0.0;0.0;0.0
2350;0.17075;0.0;0.0;0.0;1.035;5.0;1;0.22000000000000003;0.12150000000000001;0.0;0.0;0.0
2355;0.1775;0.0;0.0;0.0;1.035;5.0;1;0.22000000000000003;0.135;0.0;0.0;0.0
2372;0.07400000000000001;0.0;0.0;0.0;1.035;4.0;1;0.14;0.008;0.0;0.0;0.0
2410;0.020900000000000002;0.0;0.0;0.0;1.035;1.9;1;0.03135;0.010450000000000001;0.0;0.0;0.0
2411;0.0006;0.0;0.0;0.0;1.035;0.3;1;0.00066;0.00054;0.0;0.0;0.0
2411;0.014025000000000001;0.0;0.0;0.0;1.035;1.5;1;0.019799999999999998;0.00825;0.0;0.0;0.0
2436;0.014025000000000001;0.0;0.0;0.0;1.035;1.5;1;0.019799999999999998;0.00825;0.0;0.0;0.0
2437;0.001;0.0;0.0;0.0;1.035;0.4;1;0.00132;0.00068;0.0;0.0;0.0
2439;0.35405;0.0;0.0;0.0;1.035;7.3;1;0.4453;0.26280000000000003;0.0;0.0;0.0
2440;0.0;0.0;0.0;0.0;1.035;3.5;0;0.1078;0.0882;0.0;0.0;0.0
2442;0.16;0.0;0.0;0.0;1.035;5.0;1;0.22000000000000003;0.1;0.0;0.0;0.0
2449;408.09999999999997;94.446;242.528;-53.636;1.035;233.2;1;466.4;349.79999999999995;0.0;53.80789022298457;0.0
2450;402.27;108.438;258.85200000000003;-41.976;1.035;233.2;1;466.4;338.14;0.0;53.80789022298457;0.0
2462;0.07350000000000001;0.0;0.0;0.0;1.035;3.5;1;0.09975;0.04725000000000001;0.0;0.0;0.0
2463;0.0012000000000000001;0.0;0.0;0.0;1.035;0.4;1;0.00132;0.00108;0.0;0.0;0.0
2470;3.5375000000000005;0.0;0.0;0.0;1.035;25.0;1;5.075;2.0;0.0;0.0;0.0
2488;35.68450000000001;5.0025;10.005;0.0;1.035;66.7;1;44.68900000000001;26.680000000000003;0.0;0.0;0.0
2489;35.017500000000005;5.0025;10.005;0.0;1.035;66.7;1;43.355000000000004;26.680000000000003;0.0;0.0;0.0
2497;0.0008600000000000001;0.0;0.0;0.0;1.035;0.4;1;0.00132;0.0004;0.0;0.0;0.0
2500;0.20475;0.0;0.0;0.0;1.035;6.3;1;0.3465;0.063;0.0;0.0;0.0
2506;0.0022;0.0;0.0;0.0;1.035;0.4;1;0.004;0.0004;0.0;0.0;0.0
2508;0.16399999999999998;0.0;0.0;0.0;1.035;5.0;1;0.22000000000000003;0.10800000000000001;0.0;0.0;0.0
2512;2.448;0.0;0.0;0.0;1.035;16.0;1;4.896;0.0;0.0;0.0;0.0
2513;2.448;0.0;0.0;0.0;1.035;16.0;1;4.896;0.0;0.0;0.0;0.0
2515;0.31025;0.0;0.0;0.0;1.035;7.3;1;0.4745;0.146;0.0;0.0;0.0
2531;0.01125;0.0;0.0;0.0;1.035;1.5;1;0.019950000000000002;0.00255;0.0;0.0;0.0
2532;0.00236;0.0;0.0;0.0;1.035;0.4;1;0.00404;0.00068;0.0;0.0;0.0
2534;0.29565;0.0;0.0;0.0;1.035;7.3;1;0.4453;0.146;0.0;0.0;0.0
2540;0.0;0.0;0.0;0.0;1.035;2.5;0;0.05500000000000001;0.045000000000000005;0.0;0.0;0.0
2542;0.31754999999999994;0.0;0.0;0.0;1.035;7.3;1;0.40515;0.22995;0.0;0.0;0.0
2544;0.1775;0.0;0.0;0.0;1.035;5.0;1;0.22000000000000003;0.135;0.0;0.0;0.0
2557;0.304;0.0;0.0;0.0;1.035;5.0;1;0.5;0.10800000000000001;0.0;0.0;0.0
2562;0.028499999999999998;0.0;0.0;0.0;1.035;1.9;1;0.03135;0.025650000000000003;0.0;0.0;0.0
2563;0.16;0.0;0.0;0.0;1.035;5.0;1;0.22000000000000003;0.1;0.0;0.0;0.0
2565;0.0;0.0;8.7;0.0;1.035;58.0;0;32.480000000000004;5.800000000000001;0.0;0.0;0.0
2565;0.0;0.0;1.14;0.0;1.035;19.0;0;3.42;0.57;0.0;0.0;0.0
2565;0.1125;0.045;0.09;0.0;1.035;4.5;1;0.18;0.045;0.0;0.0;0.0
2568;0.000795;0.0;0.0;0.0;1.035;0.3;1;0.00135;0.00024;0.0;0.0;0.0
2580;434.11549999999994;141.1865;382.655;-100.282;1.035;263.9;1;620.165;248.06599999999997;0.0;52.675255778704056;0.0
2592;20.5;7.5;15.0;0.0;1.035;50.0;1;25.0;16.0;0.0;0.0;0.0
2592;114.009;44.834999999999994;89.66999999999999;0.0;1.035;128.1;1;138.348;89.66999999999999;0.0;0.0;0.0
2593;114.009;44.834999999999994;89.66999999999999;0.0;1.035;128.1;1;138.348;89.66999999999999;0.0;0.0;0.0
2598;1.1482400000000001;0.0;0.0;0.0;1.035;12.4;1;2.03484;0.26164;0.0;0.0;0.0
2604;0.31482;0.0;0.0;0.0;1.035;5.3;1;0.5151600000000001;0.11448;0.0;0.0;0.0
2608;0.001;0.0;0.0;0.0;1.035;0.4;1;0.00132;0.00068;0.0;0.0;0.0
2611;0.012750000000000001;0.0;0.0;0.0;1.035;1.5;1;0.017099999999999997;0.008400000000000001;0.0;0.0;0.0
2618;0.0;0.0;0.0;0.0;1.035;1.3;0;0.014300000000000002;0.011700000000000002;0.0;0.0;0.0
2677;0.0;0.0;1.56;0.0;1.035;15.6;0;1.8719999999999999;0.46799999999999997;0.0;0.0;0.0
2677;0.97875;0.7250000000000001;1.4500000000000002;0.0;1.035;14.5;1;1.5225;0.435;0.0;0.0;0.0
2684;0.012;0.0;0.0;0.0;1.035;1.5;1;0.01725;0.006750000000000001;0.0;0.0;0.0
2685;0.0;0.0;0.0;0.0;1.035;3.8;0;0.1254;0.10260000000000001;0.0;0.0;0.0
2694;0.0044;0.0;0.0;0.0;1.035;1.0;1;0.0088;0.0;0.0;0.0;0.0
2694;0.0;0.0;0.0;0.0;1.035;0.0;0;0.0;0.0;0.0;0.0;0.0
2697;15.625;13.28125;23.4375;3.125;1.035;62.5;1;31.25;0.0;0.0;0.0;0.0
2697;6.4;5.8;9.6;2.0;1.035;40.0;1;12.8;0.0;0.0;0.0;0.0
2698;0.0;0.0;6.09;2.0300000000000002;1.035;40.6;0;14.209999999999999;0.0;0.0;0.0;0.0
2698;18.892500000000002;16.230375;28.33875;4.122;1.035;68.7;1;37.785000000000004;0.0;0.0;0.0;0.0
2698;18.892500000000002;16.384950000000003;28.647900000000003;4.122;1.035;68.7;1;37.785000000000004;0.0;0.0;0.0;0.0
2700;0.0015;0.0025;0.005;0.0;1.035;0.5;1;0.0025;0.0005;0.0;0.0;0.0
2706;0.045;0.015;0.03;0.0;1.035;3.0;1;0.09;0.0;0.0;0.0;0.0
2714;0.006;0.0;0.0;0.0;1.035;3.0;1;0.012;0.0;0.0;0.0;0.0
2717;27.823500000000003;13.396500000000001;24.044999999999998;2.748;1.035;68.7;1;37.785000000000004;17.862000000000002;0.0;0.0;0.0
2718;27.823500000000003;13.396500000000001;24.044999999999998;2.748;1.035;68.7;1;37.785000000000004;17.862000000000002;0.0;0.0;0.0
2719;0.0;0.0;0.28500000000000003;0.0;1.035;5.7;0;0.456;0.0;0.0;0.0;0.0
2726;0.00132;0.0;0.0;0.0;1.035;0.3;1;0.0021;0.00054;0.0;0.0;0.0
2729;0.0022500000000000003;0.0;0.0;0.0;1.035;1.5;1;0.0045000000000000005;0.0;0.0;0.0;0.0
2730;0.0008;0.0;0.0;0.0;1.035;0.4;1;0.0016;0.0;0.0;0.0;0.0
2731;0.0027;0.0;0.0;0.0;1.035;0.6;1;0.0054;0.0;0.0;0.0;0.0
2733;0.00945;0.00135;0.0027;0.0;1.035;2.7;1;0.0189;0.0;0.0;0.0;0.0
2736;0.0;0.0;0.0;0.0;1.035;12.9;0;1.419;0.0;0.0;0.0;0.0
2736;2.2;0.0;0.0;0.0;1.035;22.0;1;4.4;0.0;0.0;0.0;0.0
2739;4.944;1.545;3.09;0.0;1.035;30.9;1;8.652000000000001;1.236;0.0;0.0;0.0
2739;0.0;0.0;0.775;0.0;1.035;15.5;0;2.0460000000000003;0.31;0.0;0.0;0.0
2740;1.178;0.3875;0.775;0.0;1.035;15.5;1;2.0460000000000003;0.31;0.0;0.0;0.0
2745;0.2079;0.0;0.0;0.0;1.035;7.0;1;0.4158;0.0;0.0;0.0;0.0
2749;0.0;0.0;5.8344;1.248;1.035;31.2;0;7.8;4.68;0.0;0.0;0.0
2749;27.823500000000003;14.083499999999999;24.044999999999998;4.122;1.035;68.7;1;37.785000000000004;17.862000000000002;0.0;0.0;0.0
2749;27.823500000000003;13.396500000000001;24.044999999999998;2.748;1.035;68.7;1;37.785000000000004;17.862000000000002;0.0;0.0;0.0
2750;25.912;13.775999999999998;25.584;1.9679999999999997;1.035;65.6;1;36.08;15.743999999999998;0.0;0.0;0.0
2750;27.480000000000004;13.22475;24.044999999999998;2.4045000000000005;1.035;68.7;1;37.785000000000004;17.175;0.0;0.0;0.0
2757;0.0;0.0;0.0;0.0;1.035;7.9;0;0.5214000000000001;0.4266000000000001;0.0;0.0;0.0
2759;2.431;0.0;0.0;0.0;1.035;22.0;1;4.84;0.022;0.0;0.0;0.0
2764;0.053625;0.0;0.0;0.0;1.035;3.9;1;0.10725;0.0;0.0;0.0;0.0
2777;0.125;0.1;0.15;0.05;1.035;5.0;1;0.2;0.05;0.0;0.0;0.0
2782;0.0;0.0;0.15;0.0;1.035;5.0;0;0.2;0.0;0.0;0.0;0.0
2782;0.0;0.0;0.15;0.0;1.035;5.0;0;0.2;0.0;0.0;0.0;0.0
2782;0.0;0.0;0.15;0.0;1.035;5.0;0;0.2;0.0;0.0;0.0;0.0
2782;1.6;1.2;2.4;0.0;1.035;20.0;1;3.2;0.0;0.0;0.0;0.0
2782;2.5;1.875;3.75;0.0;1.035;25.0;1;5.0;0.0;0.0;0.0;0.0
2789;1.3484999999999998;0.79825;1.4415000000000002;0.155;1.035;15.5;1;1.922;0.775;0.0;0.0;0.0
2789;0.0;0.0;1.4415000000000002;0.155;1.035;15.5;0;1.922;0.775;0.0;0.0;0.0
2791;8.20125;0.2025;0.405;0.0;1.035;40.5;1;16.4025;0.0;0.0;0.0;0.0
2795;0.33880000000000005;0.0;0.0;0.0;1.035;8.8;1;0.6776000000000001;0.0;0.0;0.0;0.0
2800;0.012375;0.0;0.0;0.0;1.035;4.5;1;0.02475;0.0;0.0;0.0;0.0
2801;0.03168;0.0;0.0;0.0;1.035;3.2;1;0.06336;0.0;0.0;0.0;0.0
2805;0.3182;0.0;0.0;0.0;1.035;7.4;1;0.37000000000000005;0.2664;0.0;0.0;0.0
2806;0.0;0.0;0.03175;0.0;1.035;2.5;0;0.0425;0.0;0.0;0.0;0.0
2810;3.9125;2.9390700000000005;5.878140000000001;0.0;1.035;31.3;1;7.825;0.0;0.0;0.0;0.0
2810;7.4909;5.618175;11.23635;0.0;1.035;43.3;1;14.9818;0.0;0.0;0.0;0.0
2810;0.0;0.0;5.878140000000001;0.0;1.035;31.3;0;7.825;0.0;0.0;0.0;0.0
2816;0.0;0.0;0.0;0.0;1.035;1.9;0;0.03135;0.0;0.0;0.0;0.0
2821;0.0021000000000000003;0.0;0.0;0.0;1.035;2.1;1;0.004200000000000001;0.0;0.0;0.0;0.0
2827;0.0;0.0;0.0;0.0;1.035;0.4;0;0.0016;0.0;0.0;0.0;0.0
2830;1.155;0.91875;1.8375;0.0;1.035;17.5;1;2.31;0.0;0.0;0.0;0.0
2830;0.0;0.0;0.23249999999999998;0.0;1.035;6.2;0;0.31000000000000005;0.0;0.0;0.0;0.0
2830;0.0;0.0;0.23249999999999998;0.0;1.035;6.2;0;0.31000000000000005;0.0;0.0;0.0;0.0
2831;1.155;0.91875;1.8375;0.0;1.035;17.5;1;2.31;0.0;0.0;0.0;0.0
2833;0.00575;0.0;0.0;0.0;1.035;2.3;1;0.0115;0.0;0.0;0.0;0.0
2834;3.83425;2.934375;5.86875;0.0;1.035;31.3;1;6.260000000000001;1.4085;0.0;0.0;0.0
2845;0.4617;0.0;0.0;0.0;1.035;8.1;1;0.5078699999999999;0.41552999999999995;0.0;0.0;0.0
2851;0.0018;0.0;0.0;0.0;1.035;0.6;1;0.0036;0.0;0.0;0.0;0.0
2857;0.0;0.0;0.0;0.0;1.035;0.3;0;0.0009;0.0;0.0;0.0;0.0
2862;0.03;0.005;0.01;0.0;1.035;2.0;1;0.033;0.027000000000000003;0.0;0.0;0.0
2869;0.0;0.0;0.0;0.0;1.035;3.2;0;0.08800000000000001;0.0;0.0;0.0;0.0
2890;0.00030000000000000003;0.0;0.0;0.0;1.035;0.2;1;0.0006000000000000001;0.0;0.0;0.0;0.0
2893;0.045;0.0;0.0;0.0;1.035;3.0;1;0.09;0.0;0.0;0.0;0.0
2893;0.0;0.0;0.0;0.0;1.035;0.0;0;0.0;0.0;0.0;0.0;0.0
2897;1.2381600000000001;0.0;0.0;0.0;1.035;16.8;1;2.4763200000000003;0.0;0.0;0.0;0.0
2899;0.00030000000000000003;0.0001;0.0002;0.0;1.035;0.2;1;0.0006000000000000001;0.0;0.0;0.0;0.0
2908;0.009899999999999999;0.0;0.0;0.0;1.035;1.5;1;0.019799999999999998;0.0;0.0;0.0;0.0
2920;0.0305;0.0;0.0;0.0;1.035;6.1;1;0.061;0.0;0.0;0.0;0.0
2924;5.500000000000001e-5;0.0;0.0;0.0;1.035;0.1;1;0.00011000000000000002;0.0;0.0;0.0;0.0
2929;0.004900000000000001;0.0;0.0;0.0;1.035;4.9;1;0.005390000000000001;0.00441;0.0;0.0;0.0
2934;0.09361;0.0;0.0;0.0;1.035;4.6;1;0.18722;0.0;0.0;0.0;0.0
2938;0.0;0.0;0.00216;0.0;1.035;0.6;0;0.00294;0.0;0.0;0.0;0.0
2943;0.0;0.0;1.0959999999999999;0.0;1.035;13.7;0;1.5481;0.0;0.0;0.0;0.0
2943;0.0;0.0;0.7684000000000001;0.0;1.035;11.3;0;0.678;0.0;0.0;0.0;0.0
2943;6.4;4.8;9.6;0.0;1.035;40.0;1;12.8;0.0;0.0;0.0;0.0
2943;9.600000000000001;6.24;12.48;0.0;1.035;48.0;1;19.200000000000003;0.0;0.0;0.0;0.0
2947;0.0;0.0;0.0;0.0;1.035;23.2;0;4.23632;0.0;0.0;0.0;0.0
2954;0.0;0.0;0.055;0.0;1.035;5.5;0;0.32999999999999996;0.0;0.0;0.0;0.0
2959;12.525;0.25;0.5;0.0;1.035;50.0;1;25.0;0.05;0.0;0.0;0.0
2960;0.0;0.0;0.0;0.0;1.035;4.2;0;0.1428;0.0;0.0;0.0;0.0
2964;0.4444;0.0;0.0;0.0;1.035;10.1;1;0.8888;0.0;0.0;0.0;0.0
2966;0.000825;0.0;0.0;0.0;1.035;1.5;1;0.00165;0.0;0.0;0.0;0.0
2968;0.0;0.0;4.83;0.0;1.035;32.2;0;9.016000000000002;0.0;0.0;0.0;0.0
2972;4.2453;1.1130000000000002;5.406000000000001;-3.18;1.035;31.8;1;8.4906;0.0;0.0;0.0;0.0
2972;0.0;0.0;5.406000000000001;-3.18;1.035;31.8;0;8.4906;0.0;0.0;0.0;0.0
2973;0.0;0.0;5.406000000000001;-3.18;1.035;31.8;0;8.4906;0.0;0.0;0.0;0.0
2973;0.0;0.0;5.406000000000001;-3.18;1.035;31.8;0;8.4906;0.0;0.0;0.0;0.0
2973;0.0;0.0;5.406000000000001;-3.18;1.035;31.8;0;8.4906;0.0;0.0;0.0;0.0
2973;4.2453;1.1130000000000002;5.406000000000001;-3.18;1.035;31.8;1;8.4906;0.0;0.0;0.0;0.0
2984;0.0;0.0;0.0;0.0;1.035;32.2;0;9.016000000000002;3.2200000000000006;0.0;0.0;0.0
2991;0.08800000000000001;0.05940000000000001;0.09680000000000001;0.022000000000000002;1.035;4.4;1;0.17600000000000002;0.0;0.0;0.0;0.0
2991;0.08800000000000001;0.05940000000000001;0.09680000000000001;0.022000000000000002;1.035;4.4;1;0.17600000000000002;0.0;0.0;0.0;0.0
2994;0.0;0.0;12.540000000000001;-1.425;1.035;57.0;0;30.78;21.09;0.0;0.0;0.0
2994;25.8075;8.325;12.21;4.44;1.035;55.5;1;28.86;22.755;0.0;0.0;0.0
2995;25.53;8.325;12.21;4.44;1.035;55.5;1;28.305;22.755;0.0;0.0;0.0
3005;1.7999999999999998;0.2;0.4;0.0;1.035;20.0;1;3.5999999999999996;0.0;0.0;0.0;0.0
3006;0.0;0.0;231.79338;-231.79338;1.0;482.3;1;0.0;0.0;0.0;0.0;0.0
3007;0.0;0.0;6558.25977;-6558.25977;1.03;7776.9;1;0.0;0.0;0.0;0.0;0.0
3008;0.0;0.0;10484.36268;-10484.36268;1.0;22373.8;1;0.0;0.0;0.0;0.0;0.0
3010;0.0;0.0;29512.221569999998;-29512.221569999998;1.0;33044.7;1;0.0;0.0;0.0;0.0;0.0
3011;0.0;0.0;16173.3585;-16173.3585;1.03;7212.2;1;0.0;0.0;0.0;0.0;0.0
3012;0.0;0.0;60869.51243999999;-60869.51243999999;1.0;15218.9;1;0.0;0.0;0.0;0.0;0.0
